1,25,481
2,22,482
3,25,484
4,25,486
5,25,486
6,25,486
7,25,486
8,22,487
9,22,487
10,25,489
11,22,491
12,25,492
13,25,492
14,25,493
15,25,494
16,25,495
17,25,495
18,25,495
19,25,495
20,25,495
21,25,496
22,25,497
23,25,497
24,25,498
25,22,498
26,22,499
27,25,499
28,25,500
29,22,500
30,25,500
31,25,501
32,22,501
33,25,501
34,22,503
35,25,503
36,22,503
37,22,504
38,22,505
39,25,505
40,23,506
41,25,506
42,25,506
43,25,506
44,25,508
45,22,508
46,25,508
47,25,508
48,25,509
49,25,509
50,25,510
51,21,510
52,25,511
53,25,511
54,22,511
55,25,512
56,25,512
57,21,512
58,25,513
59,25,513
60,25,514
61,25,514
62,22,514
63,25,515
64,25,515
65,22,516
66,23,516
67,23,516
68,25,518
69,22,516
70,25,519
71,23,517
72,25,520
73,25,520
74,21,518
75,22,518
76,22,518
77,25,520
78,25,521
79,25,521
80,22,519
81,25,522
82,25,523
83,25,523
84,22,521
85,22,521
86,25,523
87,22,521
88,25,524
89,25,524
90,21,522
91,22,524.5
92,25,525
93,25,525
94,25,526
95,21,524
96,25,526
97,21,524
98,21,524
99,21,524
100,25,528
101,24,525
102,21,526
103,25,528
104,21,526
105,21,526
106,25,529
107,23,526
108,22,526
109,21,527
110,23,527
111,23,527
112,23,527
113,24,527
114,23,527
115,23,528
116,25,528
117,25,530
118,24,528
119,24,528
120,23,528
121,25,531
122,23,529
123,22,529
124,22,529
125,23,529
126,24,529
127,25,530
128,25,531
129,25,532
130,22,530
131,24,530
132,21,531
133,23,531
134,25,533
135,25,533
136,22,532
137,22,532.5
138,25,534
139,22,534.5
140,25,534
141,22,534.5
142,25,534
143,25,535
144,22,535.5
145,25,536
146,25,536
147,25,536
148,25,537
149,25,537
150,25,539
151,22,538.0
152,24,535
153,24,535
154,24,536
155,25,539
156,24,536
157,16,536
158,21,536
159,21,536
160,25,541
161,21,538.5
162,21,538.5
163,22,539.5
164,21,538.5
165,23,540.5
166,21,538
167,24,539.5
168,21,538.5
169,25,541
170,25,542
171,23,540.5
172,23,540.5
173,25,542
174,24,540.5
175,24,541.5
176,22,542.5
177,24,541.5
178,25,542
179,25,543
180,25,543
181,23,540
182,21,540
183,21,540
184,25,544
185,25,545
186,22,543.5
187,25,545
188,22,543.5
189,23,541
190,24,543.5
191,21,544.5
192,23,541
193,23,541
194,24,544.5
195,23,542
196,25,547
197,22,545.5
198,22,546.0
199,20,542
200,25,547
201,23,544.5
202,23,544.5
203,25,547
204,25,548
205,25,548
206,22,547.0
207,22,547.0
208,22,548.0
209,24,549.5
210,25,549
211,9,543
212,25,550
213,25,550
214,15,544
215,25,551
216,25,552
217,8,544
218,24,550.5
219,21,552.0
220,22,551.5
221,7,545
222,17,545
223,15,545
224,18,546
225,18,546
226,24,551.5
227,18,546
228,11,546
229,21,552.0
230,25,553
231,21,552.0
232,6,546
233,24,551.5
234,22,553.0
235,25,554
236,21,552.0
237,21,552.5
238,24,553.0
239,21,552.5
240,25,554
241,8,548
242,8,548
243,21,552.5
244,25,554
245,25,554
246,21,553.5
247,25,554
248,23,553.0
249,25,555
250,25,555
251,24,554.0
252,22,555.0
253,17,549
254,24,555.0
255,23,554.0
256,18,550
257,25,556
258,24,555.0
259,23,554.0
260,21,554.5
261,6,550
262,23,554.5
263,22,556.0
264,13,550
265,24,556.0
266,21,557.0
267,9,550
268,25,558
269,23,554.5
270,13,550
271,1,551
272,25,558
273,23,555.5
274,25,558
275,22,557.0
276,12,551
277,25,559
278,25,559
279,22,558.5
280,24,558.0
281,23,557.0
282,10,552
283,23,557.0
284,23,557.5
285,15,552
286,11,552
287,8,552
288,6,552
289,22,559.0
290,15,552
291,10,552
292,23,557.5
293,8,553
294,22,559.5
295,25,561
296,22,559.5
297,25,561
298,25,561
299,11,553
300,25,561
301,7,553
302,11,553
303,1,553
304,12,553
305,9,553
306,15,554
307,22,560.5
308,11,554
309,6,554
310,3,554
311,7,554
312,1,554
313,13,554
314,13,554
315,4,554
316,16,554
317,1,554
318,3,554
319,9,554
320,12,554
321,16,554
322,3,554
323,10,554
324,5,554
325,2,554
326,3,554
327,5,554
328,16,555
329,16,555
330,10,555
331,25,563
332,25,563
333,16,555
334,3,555
335,4,555
336,6,555
337,25,564
338,17,555
339,24,563.0
340,22,564.0
341,17,556
342,12,556
343,10,556
344,17,556
345,25,565
346,25,565
347,1,556
348,18,556
349,14,556
350,25,565
351,2,556
352,14,556
353,4,556
354,24,564.0
355,9,556
356,5,557
357,25,565
358,14,557
359,14,557
360,25,566
361,25,566
362,12,557
363,24,564.0
364,19,558
365,22,565.5
366,21,564.5
367,4,558
368,21,564.5
369,2,558
370,13,558
371,4,558
372,25,567
373,14,558
374,21,565.0
375,24,565.0
376,7,558
377,5,558
378,23,566.5
379,20,559
380,21,565.5
381,21,565.5
382,24,566.5
383,2,559
384,25,568
385,5,559
386,24,566.5
387,25,569
388,21,566.0
389,17,565
390,21,566.0
391,19,560
392,22,568.5
393,21,567.0
394,23,567.5
395,21,567.0
396,2,560
397,25,569
398,19,560
399,19,561
400,22,569.5
401,7,561
402,25,570
403,25,570
404,9,561
405,25,570
406,22,569.5
407,23,568.0
408,8,564
409,17,566
410,23,568.5
411,20,562
412,21,569.5
413,7,562
414,24,568.5
415,24,568.5
416,11,562
417,20,562
418,23,569.0
419,15,564
420,15,565
421,22,571.0
422,24,569.5
423,24,570.5
424,23,569.0
425,18,563
426,22,571.5
427,23,569.5
428,20,563
429,20,563
430,25,572
431,23,570.0
432,25,572
433,25,572
434,23,571.0
435,18,564
436,22,572.0
437,6,566
438,23,571.5
439,22,572.0
440,22,573.0
441,8,564
442,25,572
443,25,574
444,18,564
445,25,575
446,8,566
447,25,576
448,19,565
449,25,576
450,25,576
451,18,568
452,25,576
453,24,575.5
454,9,570
455,25,576
456,11,570
457,6,570
458,13,569
459,8,572
460,25,577
461,22,576.5
462,1,569
463,24,576.5
464,25,578
465,13,570
466,25,578
467,25,579
468,22,578.0
469,24,577.5
470,21,578.0
471,12,571
472,15,572
473,15,572
474,11,572
475,8,572
476,21,578.0
477,13,571
478,10,571
479,4,574
480,21,578.0
481,3,572
482,11,573
483,17,575
484,16,572
485,1,573
486,25,580
487,25,580
488,10,572
489,4,575
490,23,579.0
491,10,574
492,9,573
493,15,574
494,23,580.0
495,6,572
496,21,578.5
497,24,579.5
498,25,581
499,22,582.0
500,24,580.0
501,12,573
502,6,573
503,25,581
504,24,580.0
505,3,575
506,21,579.0
507,11,574
508,1,574
509,1,574
510,7,573
511,21,579.5
512,21,579.5
513,10,575
514,10,576
515,6,574
516,2,574
517,16,574
518,24,581.0
519,21,580.5
520,22,582.0
521,25,582
522,5,574
523,22,582.0
524,12,574
525,16,574
526,5,574
527,7,573
528,1,576
529,9,574
530,23,581.5
531,25,583
532,25,583
533,16,575
534,21,581.5
535,9,574
536,13,575
537,4,576
538,24,583.0
539,16,575
540,17,576
541,23,581.5
542,17,576
543,23,582.0
544,18,576
545,25,585
546,3,576
547,5,577
548,25,585
549,23,582.5
550,21,583.0
551,3,576
552,3,576
553,2,576
554,5,578
555,2,578
556,12,577
557,19,578
558,7,579
559,22,583.5
560,22,584.0
561,23,583.5
562,20,579
563,12,577
564,23,583.5
565,25,587
566,24,584.0
567,14,577
568,23,585.0
569,24,584.0
570,22,584.5
571,25,587
572,22,584.5
573,2,579
574,2,580
575,4,578
576,4,578
577,15,580
578,9,580
579,22,585.5
580,14,578
581,14,578
582,14,578
583,25,587
584,25,587
585,23,586.0
586,13,578
587,25,587
588,5,579
589,25,587
590,25,588
591,14,578
592,18,584
593,25,588
594,25,590
595,6,585
596,24,589.0
597,7,581
598,17,581
599,17,583
600,19,580
601,24,589.0
602,22,590.0
603,20,582
604,11,583
605,19,581
606,15,584
607,19,581
608,8,583
609,25,591
610,22,590.5
611,25,591
612,24,590.0
613,8,583
614,25,591
615,25,591
616,25,592
617,7,583
618,18,584
619,19,586
620,8,584
621,23,591.5
622,25,592
623,21,591.5
624,23,592.5
625,20,582
626,18,588
627,25,594
628,24,593.0
629,21,591.5
630,22,594.5
631,21,591.5
632,25,595
633,21,592.0
634,20,583
635,13,587
636,21,592.5
637,24,593.5
638,20,583
639,24,593.5
640,22,594.5
641,21,593.0
642,22,594.5
643,21,593.0
644,8,588
645,21,594.0
646,24,594.5
647,25,596
648,13,588
649,9,589
650,25,596
651,22,596.0
652,11,590
653,21,595.0
654,18,588
655,23,595.0
656,25,598
657,25,598
658,25,598
659,25,598
660,23,595.0
661,25,598
662,23,595.0
663,15,591
664,13,589
665,6,589
666,12,590
667,9,592
668,23,595.5
669,3,591
670,21,596.5
671,22,597.5
672,23,596.0
673,15,591
674,4,591
675,16,591
676,23,597.0
677,23,597.5
678,24,596.5
679,25,599
680,22,598.0
681,24,597.5
682,25,599
683,3,594
684,22,598.0
685,10,591
686,22,598.0
687,8,592
688,24,597.5
689,3,595
690,1,592
691,10,591
692,6,592
693,11,592
694,17,591
695,15,593
696,1,592
697,1,593
698,2,594
699,1,593
700,4,593
701,23,598.5
702,11,593
703,10,591
704,25,600
705,25,601
706,11,594
707,12,592
708,24,601.5
709,9,594
710,6,592
711,5,593
712,5,594
713,6,593
714,10,593
715,5,596
716,25,602
717,18,596
718,16,594
719,16,594
720,12,593
721,16,594
722,16,595
723,25,602
724,1,593
725,7,593
726,9,596
727,2,595
728,10,594
729,7,594
730,25,603
731,4,595
732,12,596
733,17,596
734,22,603.0
735,25,603
736,25,603
737,22,603.5
738,2,596
739,24,602.5
740,13,596
741,25,603
742,13,597
743,24,603.5
744,5,598
745,14,596
746,5,598
747,3,597
748,19,597
749,17,596
750,19,599
751,25,605
752,23,606.0
753,25,605
754,7,598
755,20,598
756,25,606
757,3,597
758,21,605.0
759,12,597
760,4,599
761,23,606.0
762,9,599
763,21,605.0
764,15,599
765,4,599
766,14,598
767,14,598
768,21,605.5
769,14,599
770,21,606.0
771,22,607.0
772,2,597
773,24,606.0
774,15,603
775,24,606.5
776,14,599
777,22,607.0
778,19,600
779,18,600
780,21,606.5
781,21,606.5
782,25,609
783,24,607.0
784,2,599
785,17,601
786,20,602
787,21,606.5
788,25,609
789,21,607.0
790,11,603
791,25,609
792,22,608.0
793,20,602
794,25,609
795,24,608.0
796,19,602
797,6,603
798,25,609
799,17,603
800,25,609
801,25,609
802,25,610
803,21,608.5
804,20,603
805,25,610
806,24,609.0
807,8,602
808,23,607.5
809,21,610.0
810,7,602
811,22,609.5
812,23,608.0
813,22,610.0
814,23,608.5
815,23,609.5
816,25,613
817,24,610.0
818,3,607
819,24,611.0
820,23,609.5
821,8,603
822,23,610.0
823,22,610.5
824,7,603
825,22,610.5
826,19,605
827,8,603
828,22,610.5
829,18,605
830,23,610.5
831,23,612.0
832,18,605
833,9,606
834,25,614
835,16,608
836,25,614
837,25,614
838,22,615.5
839,25,614
840,25,614
841,25,614
842,25,614
843,20,605
844,13,606
845,11,610
846,12,609
847,25,616
848,25,617
849,13,607
850,8,608
851,22,616.0
852,16,611
853,24,615.0
854,12,610
855,24,615.0
856,18,609
857,13,608
858,10,610
859,1,609
860,15,610
861,4,610
862,16,612
863,25,618
864,24,617.0
865,10,611
866,15,610
867,2,611
868,5,610
869,6,611
870,8,611
871,3,611
872,12,612
873,15,612
874,4,612
875,1,611
876,25,620
877,6,611
878,11,612
879,9,610
880,6,612
881,25,620
882,3,613
883,25,620
884,22,619.5
885,9,611
886,11,613
887,1,611
888,25,620
889,9,615
890,1,612
891,21,618.5
892,2,612
893,23,618.5
894,10,612
895,22,619.5
896,21,618.5
897,24,619.5
898,23,618.5
899,25,620
900,12,615
901,16,612
902,21,618.5
903,1,614
904,25,620
905,5,613
906,6,612
907,17,612
908,21,619.0
909,18,613
910,21,620.0
911,16,612
912,5,613
913,10,613
914,25,621
915,24,620.0
916,11,614
917,23,620.0
918,25,622
919,22,621.5
920,19,613
921,2,615
922,21,620.0
923,21,620.0
924,20,617
925,22,622.0
926,13,615
927,10,614
928,25,622
929,17,615
930,14,616
931,7,614
932,3,616
933,7,614
934,9,618
935,19,615
936,2,617
937,21,620.5
938,21,622.0
939,24,620.5
940,7,618
941,4,616
942,24,620.5
943,25,624
944,24,621.5
945,13,617
946,22,623.0
947,23,622.0
948,23,622.0
949,23,622.5
950,17,616
951,23,622.5
952,21,622.5
953,25,625
954,22,623.5
955,25,625
956,24,622.5
957,3,618
958,22,624.0
959,15,618
960,14,618
961,25,625
962,14,618
963,4,618
964,4,618
965,22,624.0
966,5,617
967,25,625
968,23,624.0
969,5,617
970,12,618
971,2,619
972,25,625
973,17,619
974,24,624.5
975,23,625.0
976,14,619
977,14,619
978,18,619
979,22,628.0
980,23,626.5
981,25,627
982,25,627
983,7,621
984,25,627
985,25,628
986,11,619
987,8,622
988,20,622
989,6,622
990,15,619
991,19,621
992,17,620
993,9,625
994,8,622
995,24,627.5
996,22,628.5
997,20,622
998,7,622
999,25,630
1000,24,628.5
1001,24,629.5
1002,25,631
1003,20,622
1004,25,631
1005,19,621
1006,25,631
1007,25,631
1008,3,624
1009,22,632.0
1010,20,624
1011,19,624
1012,25,631
1013,25,631
1014,21,631.5
1015,13,627
1016,8,623
1017,16,626
1018,25,633
1019,23,631.0
1020,23,632.0
1021,18,625
1022,21,632.0
1023,21,632.0
1024,25,634
1025,25,634
1026,21,632.0
1027,11,626
1028,16,628
1029,22,633.0
1030,21,632.5
1031,18,625
1032,13,628
1033,22,634.0
1034,5,629
1035,21,633.5
1036,13,628
1037,21,633.5
1038,10,629
1039,25,635
1040,22,634.5
1041,24,633.0
1042,23,633.5
1043,25,636
1044,1,629
1045,4,629
1046,22,635.5
1047,9,629
1048,24,633.5
1049,23,634.5
1050,25,636
1051,8,627
1052,24,634.0
1053,12,628
1054,3,629
1055,25,636
1056,5,630
1057,15,629
1058,21,634.0
1059,23,635.5
1060,1,630
1061,12,629
1062,5,632
1063,25,637
1064,24,635.0
1065,9,630
1066,21,634.5
1067,22,636.0
1068,18,628
1069,25,637
1070,18,630
1071,15,629
1072,25,638
1073,2,631
1074,3,630
1075,8,630
1076,1,631
1077,23,637.0
1078,21,636.0
1079,23,637.0
1080,25,638
1081,4,631
1082,19,631
1083,6,630
1084,24,636.0
1085,24,636.0
1086,6,630
1087,12,630
1088,23,637.5
1089,22,636.5
1090,25,639
1091,24,637.0
1092,22,636.5
1093,9,631
1094,2,631
1095,1,631
1096,10,631
1097,16,631
1098,25,639
1099,12,631
1100,13,634
1101,6,631
1102,16,631
1103,11,631
1104,9,634
1105,15,631
1106,11,632
1107,10,631
1108,16,632
1109,17,632
1110,3,635
1111,11,634
1112,23,638.5
1113,6,632
1114,10,633
1115,23,639.0
1116,22,640.5
1117,10,634
1118,2,634
1119,22,641.0
1120,1,633
1121,25,642
1122,25,642
1123,14,634
1124,14,637
1125,25,642
1126,24,641.0
1127,25,643
1128,24,641.0
1129,5,634
1130,15,637
1131,25,644
1132,20,636
1133,25,644
1134,5,636
1135,25,644
1136,19,636
1137,2,636
1138,24,643.0
1139,25,644
1140,7,634
1141,23,643.5
1142,14,637
1143,17,636
1144,4,635
1145,11,639
1146,13,636
1147,4,635
1148,7,634
1149,25,645
1150,17,636
1151,4,636
1152,7,635
1153,21,644.0
1154,3,637
1155,15,638
1156,17,638
1157,22,644.5
1158,23,644.5
1159,14,638
1160,22,645.5
1161,12,637
1162,17,639
1163,21,644.5
1164,6,641
1165,22,646.5
1166,21,645.0
1167,24,646.5
1168,14,639
1169,25,647
1170,25,647
1171,2,638
1172,21,645.5
1173,25,647
1174,19,640
1175,25,647
1176,21,645.5
1177,25,648
1178,25,648
1179,8,641
1180,22,647.0
1181,23,646.0
1182,21,646.5
1183,18,640
1184,22,648.0
1185,24,647.0
1186,21,647.0
1187,9,641
1188,21,647.0
1189,23,647.0
1190,24,647.5
1191,21,647.0
1192,24,647.5
1193,8,641
1194,22,648.5
1195,25,649
1196,25,649
1197,22,649.0
1198,25,649
1199,20,641
1200,8,642
1201,23,648.0
1202,19,642
1203,22,649.0
1204,20,641
1205,24,648.5
1206,23,649.5
1207,24,649.5
1208,24,649.5
1209,25,650
1210,23,650.0
1211,25,650
1212,21,649.5
1213,25,653
1214,18,644
1215,3,644
1216,7,641
1217,20,642
1218,25,653
1219,18,644
1220,5,645
1221,19,644
1222,20,644
1223,7,642
1224,23,650.5
1225,10,645
1226,23,651.0
1227,9,645
1228,22,653.0
1229,23,652.5
1230,16,644
1231,11,646
1232,16,645
1233,15,648
1234,25,654
1235,15,648
1236,25,654
1237,25,655
1238,8,648
1239,3,648
1240,3,649
1241,12,646
1242,5,648
1243,12,648
1244,25,655
1245,25,655
1246,15,648
1247,13,646
1248,24,653.5
1249,11,650
1250,25,655
1251,25,656
1252,22,654.5
1253,24,654.5
1254,13,647
1255,13,647
1256,8,649
1257,2,649
1258,19,649
1259,16,650
1260,12,649
1261,1,648
1262,24,655.5
1263,4,649
1264,23,656.0
1265,5,649
1266,4,650
1267,16,650
1268,25,658
1269,25,658
1270,6,649
1271,25,658
1272,6,650
1273,23,657.0
1274,11,652
1275,1,649
1276,21,657.0
1277,10,650
1278,1,650
1279,18,648
1280,25,658
1281,11,652
1282,9,649
1283,18,648
1284,16,651
1285,25,659
1286,22,658.0
1287,22,658.0
1288,25,659
1289,1,650
1290,12,650
1291,2,651
1292,9,650
1293,13,652
1294,11,655
1295,6,651
1296,22,659.0
1297,2,651
1298,21,657.5
1299,25,660
1300,21,658.0
1301,10,651
1302,17,652
1303,4,654
1304,6,652
1305,22,660.5
1306,25,660
1307,25,660
1308,21,658.5
1309,25,661
1310,21,659.0
1311,5,655
1312,25,661
1313,10,653
1314,21,659.0
1315,2,655
1316,23,659.5
1317,10,654
1318,23,659.5
1319,24,660.0
1320,9,653
1321,24,660.0
1322,14,654
1323,4,655
1324,12,656
1325,21,659.5
1326,24,660.5
1327,24,661.0
1328,22,661.5
1329,3,654
1330,1,655
1331,14,655
1332,15,656
1333,21,659.5
1334,17,655
1335,23,660.5
1336,22,661.5
1337,14,655
1338,14,657
1339,7,654
1340,20,655
1341,21,660.5
1342,22,661.5
1343,8,660
1344,22,662.0
1345,4,656
1346,7,654
1347,13,657
1348,6,657
1349,25,664
1350,21,663.0
1351,25,664
1352,19,657
1353,5,656
1354,25,665
1355,17,656
1356,17,656
1357,24,662.0
1358,3,657
1359,14,659
1360,25,666
1361,23,663.0
1362,25,666
1363,7,657
1364,15,657
1365,24,663.0
1366,19,659
1367,24,663.0
1368,9,660
1369,25,666
1370,25,666
1371,2,658
1372,22,665.5
1373,25,666
1374,23,663.5
1375,23,663.5
1376,17,658
1377,25,667
1378,23,664.0
1379,8,660
1380,23,665.0
1381,24,667.0
1382,19,661
1383,22,668.0
1384,18,660
1385,8,661
1386,20,660
1387,25,669
1388,7,661
1389,23,668.5
1390,25,669
1391,7,662
1392,25,669
1393,10,662
1394,5,665
1395,25,669
1396,24,668.0
1397,24,669.0
1398,19,662
1399,25,670
1400,18,664
1401,25,671
1402,25,671
1403,21,669.5
1404,3,665
1405,16,664
1406,3,665
1407,18,664
1408,3,666
1409,13,666
1410,21,670.5
1411,25,672
1412,25,672
1413,11,665
1414,20,662
1415,9,664
1416,20,662
1417,22,671.5
1418,22,671.5
1419,20,663
1420,22,672.5
1421,23,670.5
1422,11,667
1423,1,667
1424,24,672.5
1425,25,672
1426,15,667
1427,23,672.0
1428,21,671.0
1429,6,668
1430,6,669
1431,21,672.5
1432,23,672.0
1433,25,673
1434,21,673.0
1435,25,675
1436,16,666
1437,22,673.0
1438,24,672.5
1439,8,665
1440,15,667
1441,13,667
1442,13,667
1443,21,673.0
1444,13,671
1445,22,674.0
1446,5,667
1447,25,675
1448,16,669
1449,15,667
1450,8,667
1451,16,669
1452,21,673.0
1453,23,673.0
1454,22,674.0
1455,21,673.5
1456,21,674.0
1457,1,668
1458,11,668
1459,22,674.5
1460,24,674.0
1461,25,677
1462,9,668
1463,10,669
1464,19,668
1465,22,675.0
1466,25,677
1467,25,677
1468,1,669
1469,4,670
1470,24,674.5
1471,25,677
1472,4,671
1473,12,667
1474,2,668
1475,12,667
1476,2,668
1477,18,668
1478,11,671
1479,12,668
1480,6,670
1481,5,669
1482,17,672
1483,21,676.5
1484,24,675.5
1485,25,678
1486,24,676.5
1487,24,676.5
1488,9,669
1489,2,670
1490,23,675.5
1491,18,671
1492,14,672
1493,12,670
1494,1,670
1495,5,671
1496,25,679
1497,11,672
1498,25,679
1499,6,672
1500,16,671
1501,4,672
1502,10,671
1503,25,680
1504,22,679.0
1505,15,674
1506,12,672
1507,3,673
1508,23,678.0
1509,25,680
1510,23,678.0
1511,4,673
1512,10,672
1513,17,673
1514,25,681
1515,25,681
1516,7,674
1517,14,674
1518,15,675
1519,9,673
1520,10,674
1521,2,674
1522,23,679.5
1523,25,682
1524,1,674
1525,4,675
1526,23,680.5
1527,25,682
1528,20,674
1529,14,674
1530,22,681.5
1531,14,675
1532,24,680.5
1533,25,682
1534,25,683
1535,23,681.0
1536,8,676
1537,25,683
1538,5,675
1539,25,684
1540,24,681.5
1541,7,675
1542,6,676
1543,24,682.5
1544,21,683.0
1545,17,676
1546,17,676
1547,3,676
1548,25,685
1549,21,684.0
1550,23,684.0
1551,22,684.0
1552,22,684.0
1553,19,676
1554,2,677
1555,17,679
1556,22,685.0
1557,9,679
1558,24,685.0
1559,24,685.0
1560,21,684.5
1561,18,679
1562,13,677
1563,25,687
1564,23,684.5
1565,25,687
1566,8,680
1567,7,677
1568,22,685.5
1569,14,678
1570,8,680
1571,23,684.5
1572,20,680
1573,22,686.5
1574,25,688
1575,3,681
1576,19,678
1577,19,680
1578,25,688
1579,21,686.0
1580,21,686.5
1581,25,688
1582,21,686.5
1583,22,686.5
1584,20,681
1585,25,688
1586,22,687.0
1587,24,686.5
1588,10,682
1589,21,686.5
1590,22,687.5
1591,23,686.5
1592,3,682
1593,5,682
1594,24,687.0
1595,3,683
1596,13,683
1597,21,687.0
1598,21,687.5
1599,8,686
1600,7,681
1601,25,689
1602,24,689.0
1603,20,682
1604,25,690
1605,24,689.0
1606,25,690
1607,23,690.0
1608,19,681
1609,25,691
1610,5,683
1611,25,692
1612,20,684
1613,24,690.0
1614,21,690.0
1615,25,692
1616,7,682
1617,16,684
1618,16,685
1619,13,685
1620,13,686
1621,25,692
1622,9,683
1623,11,684
1624,11,686
1625,18,684
1626,25,693
1627,23,690.5
1628,25,693
1629,16,685
1630,15,686
1631,25,693
1632,6,685
1633,23,691.5
1634,15,686
1635,25,694
1636,8,686
1637,25,695
1638,1,686
1639,15,686
1640,23,693.0
1641,18,684
1642,6,685
1643,22,693.5
1644,11,687
1645,2,686
1646,15,690
1647,1,687
1648,24,694.0
1649,4,687
1650,12,687
1651,25,696
1652,22,694.0
1653,16,686
1654,11,688
1655,13,687
1656,25,696
1657,4,688
1658,9,687
1659,12,689
1660,19,687
1661,23,693.5
1662,23,694.0
1663,14,688
1664,12,689
1665,11,688
1666,25,698
1667,1,688
1668,16,690
1669,24,696.0
1670,24,696.0
1671,21,695.5
1672,6,689
1673,18,688
1674,5,689
1675,5,690
1676,12,690
1677,9,688
1678,12,691
1679,21,696.5
1680,22,696.5
1681,17,689
1682,23,696.5
1683,22,697.5
1684,2,690
1685,14,693
1686,10,689
1687,4,691
1688,2,690
1689,4,692
1690,22,697.5
1691,10,691
1692,25,699
1693,6,691
1694,1,690
1695,25,699
1696,23,697.0
1697,22,698.0
1698,24,697.5
1699,10,692
1700,18,691
1701,25,699
1702,21,698.0
1703,25,699
1704,24,698.5
1705,25,699
1706,3,692
1707,17,692
1708,22,699.0
1709,24,699.0
1710,22,699.0
1711,15,694
1712,22,699.5
1713,9,692
1714,23,699.0
1715,2,693
1716,22,700.0
1717,25,701
1718,23,699.0
1719,24,700.5
1720,21,698.5
1721,14,694
1722,10,694
1723,21,699.0
1724,21,699.5
1725,4,694
1726,20,694
1727,24,701.5
1728,25,702
1729,21,700.0
1730,21,700.0
1731,17,693
1732,14,694
1733,25,702
1734,1,693
1735,7,694
1736,21,701.0
1737,8,695
1738,21,702.5
1739,25,703
1740,3,695
1741,24,702.5
1742,7,695
1743,19,695
1744,18,698
1745,5,695
1746,8,697
1747,25,703
1748,25,703
1749,25,703
1750,17,696
1751,25,704
1752,24,703.5
1753,6,697
1754,25,704
1755,10,698
1756,25,704
1757,7,697
1758,14,698
1759,25,705
1760,8,697
1761,2,696
1762,23,703.5
1763,22,706.0
1764,25,706
1765,9,698
1766,23,704.0
1767,17,697
1768,23,704.0
1769,24,706.5
1770,7,701
1771,3,700
1772,13,698
1773,25,707
1774,25,707
1775,23,705.5
1776,3,701
1777,20,699
1778,19,700
1779,22,707.5
1780,23,706.0
1781,15,702
1782,9,700
1783,15,702
1784,19,700
1785,25,709
1786,8,702
1787,21,708.0
1788,23,706.5
1789,11,702
1790,23,709.0
1791,25,710
1792,13,701
1793,20,701
1794,20,701
1795,22,709.0
1796,19,701
1797,5,702
1798,7,702
1799,25,710
1800,21,709.0
1801,22,710.5
1802,11,703
1803,23,709.5
1804,5,703
1805,3,702
1806,25,711
1807,13,702
1808,11,707
1809,24,709.5
1810,13,703
1811,24,709.5
1812,25,711
1813,24,710.0
1814,19,706
1815,22,711.0
1816,25,712
1817,6,705
1818,25,712
1819,15,705
1820,16,703
1821,22,711.0
1822,18,704
1823,4,706
1824,16,704
1825,18,704
1826,6,705
1827,16,704
1828,13,706
1829,5,706
1830,23,711.5
1831,23,711.5
1832,11,707
1833,22,711.5
1834,2,706
1835,24,711.0
1836,8,705
1837,21,711.5
1838,20,704
1839,15,706
1840,4,707
1841,1,706
1842,21,711.5
1843,22,712.5
1844,21,712.0
1845,21,712.5
1846,24,711.5
1847,12,706
1848,12,706
1849,21,712.5
1850,14,708
1851,22,712.5
1852,25,715
1853,22,713.0
1854,25,715
1855,21,713.0
1856,25,715
1857,9,706
1858,1,707
1859,1,708
1860,24,713.0
1861,11,708
1862,18,708
1863,25,715
1864,24,715.0
1865,9,707
1866,4,710
1867,25,716
1868,4,711
1869,10,709
1870,5,709
1871,10,710
1872,16,708
1873,21,714.5
1874,24,715.0
1875,25,716
1876,1,709
1877,12,707
1878,12,708
1879,25,716
1880,14,710
1881,25,716
1882,25,716
1883,16,709
1884,2,709
1885,25,716
1886,21,716.0
1887,9,711
1888,12,709
1889,24,717.0
1890,1,712
1891,25,718
1892,6,710
1893,10,711
1894,6,710
1895,17,710
1896,15,713
1897,22,718.5
1898,17,711
1899,19,714
1900,3,713
1901,18,710
1902,23,717.5
1903,23,718.0
1904,22,720.0
1905,14,713
1906,2,710
1907,8,713
1908,25,720
1909,23,718.5
1910,24,720.0
1911,17,713
1912,25,720
1913,25,721
1914,25,721
1915,2,712
1916,23,719.5
1917,22,721.5
1918,23,720.0
1919,7,714
1920,25,722
1921,14,714
1922,17,713
1923,7,714
1924,21,721.5
1925,4,715
1926,23,720.0
1927,25,722
1928,24,722.5
1929,21,721.5
1930,10,713
1931,25,723
1932,20,714
1933,2,716
1934,10,714
1935,25,723
1936,25,723
1937,5,717
1938,22,723.0
1939,6,716
1940,8,717
1941,14,717
1942,3,716
1943,7,715
1944,23,721.5
1945,20,718
1946,8,717
1947,25,726
1948,18,716
1949,24,723.0
1950,13,720
1951,24,723.0
1952,23,723.0
1953,25,726
1954,22,723.5
1955,15,718
1956,22,723.5
1957,22,724.0
1958,23,724.0
1959,13,720
1960,21,724.0
1961,22,725.0
1962,5,719
1963,24,724.5
1964,23,724.0
1965,25,726
1966,25,726
1967,21,725.0
1968,21,725.5
1969,9,718
1970,8,721
1971,25,727
1972,17,718
1973,25,727
1974,24,725.0
1975,25,727
1976,24,725.5
1977,22,726.0
1978,3,719
1979,11,722
1980,22,726.5
1981,11,723
1982,9,720
1983,11,723
1984,19,719
1985,3,720
1986,5,720
1987,19,719
1988,25,728
1989,25,728
1990,11,723
1991,21,726.0
1992,15,721
1993,21,726.0
1994,21,726.5
1995,16,722
1996,19,720
1997,25,729
1998,21,728.0
1999,20,721
2000,7,720
2001,25,731
2002,13,722
2003,19,725
2004,25,731
2005,7,721
2006,20,721
2007,25,731
2008,20,721
2009,12,722
2010,15,724
2011,12,723
2012,21,729.5
2013,8,725
2014,16,723
2015,3,723
2016,24,728.5
2017,24,728.5
2018,24,729.5
2019,1,725
2020,23,731.0
2021,16,723
2022,13,723
2023,25,733
2024,18,724
2025,4,725
2026,14,727
2027,2,725
2028,6,724
2029,15,725
2030,25,733
2031,9,726
2032,18,724
2033,23,731.0
2034,13,724
2035,22,732.0
2036,22,732.5
2037,24,733.5
2038,5,725
2039,6,724
2040,23,732.0
2041,9,727
2042,10,726
2043,25,734
2044,25,734
2045,16,727
2046,11,728
2047,25,734
2048,4,727
2049,8,729
2050,22,734.0
2051,10,727
2052,12,728
2053,1,727
2054,4,727
2055,12,728
2056,4,727
2057,23,732.5
2058,17,729
2059,5,728
2060,23,732.5
2061,14,730
2062,18,728
2063,1,727
2064,16,728
2065,12,729
2066,23,733.5
2067,15,732
2068,25,736
2069,22,735.5
2070,1,729
2071,25,736
2072,1,729
2073,25,737
2074,21,735.0
2075,10,729
2076,21,735.0
2077,22,736.0
2078,23,735.0
2079,9,730
2080,22,736.5
2081,22,737.5
2082,25,737
2083,2,729
2084,25,737
2085,25,737
2086,14,731
2087,24,736.0
2088,23,736.5
2089,2,730
2090,23,736.5
2091,24,736.5
2092,19,730
2093,23,736.5
2094,21,737.5
2095,21,737.5
2096,24,736.5
2097,25,738
2098,17,731
2099,25,738
2100,6,730
2101,25,738
2102,22,738.0
2103,21,738.0
2104,25,739
2105,17,732
2106,8,736
2107,6,731
2108,24,737.5
2109,21,739.0
2110,14,733
2111,4,734
2112,3,733
2113,22,739.0
2114,25,740
2115,25,740
2116,17,733
2117,22,739.5
2118,24,738.0
2119,24,738.0
2120,18,733
2121,21,739.5
2122,21,739.5
2123,20,733
2124,10,734
2125,2,733
2126,8,736
2127,25,742
2128,25,742
2129,14,736
2130,2,735
2131,25,742
2132,21,740.5
2133,17,735
2134,5,736
2135,6,735
2136,7,734
2137,7,734
2138,7,735
2139,15,737
2140,24,742.0
2141,10,735
2142,18,736
2143,23,743.5
2144,21,743.0
2145,25,744
2146,22,744.5
2147,20,738
2148,25,744
2149,22,745.0
2150,23,743.5
2151,25,745
2152,24,743.0
2153,11,739
2154,13,736
2155,25,745
2156,25,747
2157,25,747
2158,3,737
2159,19,738
2160,5,739
2161,24,743.0
2162,16,739
2163,5,739
2164,19,739
2165,19,740
2166,3,738
2167,9,739
2168,25,747
2169,23,744.5
2170,9,739
2171,7,739
2172,8,740
2173,13,738
2174,13,741
2175,11,739
2176,3,740
2177,25,748
2178,15,740
2179,8,744
2180,22,746.5
2181,11,739
2182,11,740
2183,23,747.0
2184,25,748
2185,21,748.5
2186,23,747.0
2187,25,748
2188,3,741
2189,24,747.0
2190,19,741
2191,25,748
2192,7,741
2193,22,749.0
2194,25,749
2195,15,743
2196,12,742
2197,23,747.0
2198,22,749.0
2199,25,749
2200,12,742
2201,20,741
2202,21,748.5
2203,25,749
2204,13,742
2205,18,744
2206,20,741
2207,25,750
2208,24,748.5
2209,22,749.5
2210,25,751
2211,2,744
2212,23,748.5
2213,13,743
2214,15,744
2215,25,752
2216,16,743
2217,6,743
2218,22,750.0
2219,6,744
2220,24,750.0
2221,14,743
2222,4,743
2223,23,749.0
2224,22,750.5
2225,23,749.0
2226,23,749.0
2227,18,744
2228,22,751.5
2229,4,744
2230,21,750.0
2231,9,745
2232,20,741
2233,21,750.5
2234,24,750.0
2235,14,746
2236,11,747
2237,25,753
2238,21,751.0
2239,21,751.5
2240,16,744
2241,4,747
2242,1,745
2243,24,751.0
2244,21,752.0
2245,1,746
2246,1,746
2247,24,751.5
2248,10,745
2249,24,751.5
2250,22,753.0
2251,2,748
2252,15,748
2253,10,746
2254,1,746
2255,25,754
2256,16,747
2257,9,746
2258,10,748
2259,16,747
2260,5,746
2261,4,748
2262,17,748
2263,8,747
2264,25,755
2265,1,746
2266,21,753.0
2267,25,756
2268,18,748
2269,5,747
2270,22,757.0
2271,12,748
2272,21,753.0
2273,25,757
2274,12,748
2275,12,748
2276,21,755.5
2277,24,755.5
2278,2,749
2279,24,755.5
2280,14,748
2281,25,757
2282,24,756.5
2283,25,757
2284,25,758
2285,22,757.5
2286,6,749
2287,19,749
2288,8,752
2289,25,758
2290,23,756.0
2291,25,758
2292,7,751
2293,25,759
2294,25,759
2295,22,759.0
2296,23,757.0
2297,15,756
2298,6,750
2299,23,757.0
2300,14,752
2301,9,749
2302,25,760
2303,17,751
2304,4,753
2305,7,754
2306,20,752
2307,10,753
2308,17,751
2309,3,752
2310,2,753
2311,24,760.5
2312,25,760
2313,17,752
2314,25,760
2315,23,759.5
2316,25,761
2317,18,753
2318,25,761
2319,25,761
2320,7,754
2321,2,755
2322,22,761.5
2323,7,755
2324,23,760.5
2325,13,754
2326,23,760.5
2327,17,755
2328,11,755
2329,6,754
2330,25,762
2331,22,761.5
2332,5,755
2333,21,761.0
2334,21,761.0
2335,25,763
2336,8,756
2337,22,762.0
2338,23,761.0
2339,10,755
2340,5,758
2341,23,761.5
2342,11,756
2343,24,762.0
2344,19,755
2345,23,762.5
2346,14,756
2347,20,755
2348,23,763.5
2349,22,763.0
2350,13,758
2351,18,756
2352,22,763.5
2353,22,764.0
2354,19,756
2355,24,762.5
2356,19,757
2357,11,758
2358,9,758
2359,21,763.5
2360,8,759
2361,15,759
2362,3,758
2363,24,763.5
2364,3,759
2365,24,763.5
2366,11,758
2367,13,758
2368,21,764.0
2369,5,758
2370,24,765.0
2371,15,760
2372,25,766
2373,21,765.0
2374,18,761
2375,24,766.0
2376,9,760
2377,3,759
2378,3,759
2379,22,766.5
2380,25,767
2381,25,767
2382,25,767
2383,13,761
2384,2,761
2385,16,759
2386,15,762
2387,21,765.5
2388,8,760
2389,21,766.5
2390,21,766.5
2391,12,761
2392,25,768
2393,25,768
2394,20,761
2395,25,768
2396,25,769
2397,22,769.5
2398,25,769
2399,5,765
2400,24,769.0
2401,19,761
2402,9,764
2403,20,761
2404,13,762
2405,6,762
2406,4,762
2407,12,762
2408,24,769.0
2409,7,761
2410,20,761
2411,21,768.5
2412,4,763
2413,6,763
2414,25,770
2415,25,771
2416,24,769.0
2417,25,771
2418,16,762
2419,16,763
2420,22,770.0
2421,16,764
2422,21,769.0
2423,18,764
2424,25,772
2425,14,763
2426,8,766
2427,11,764
2428,14,763
2429,25,772
2430,25,772
2431,16,766
2432,23,770.5
2433,2,765
2434,25,772
2435,25,773
2436,15,767
2437,24,773.0
2438,25,773
2439,22,772.5
2440,5,766
2441,1,764
2442,23,771.5
2443,10,765
2444,12,767
2445,9,765
2446,22,774.0
2447,12,767
2448,25,774
2449,10,765
2450,1,764
2451,10,766
2452,23,772.5
2453,4,766
2454,25,774
2455,22,774.0
2456,1,765
2457,17,766
2458,23,773.0
2459,1,766
2460,23,773.0
2461,21,773.5
2462,6,768
2463,24,774.5
2464,23,774.0
2465,14,770
2466,2,768
2467,7,767
2468,12,767
2469,4,767
2470,1,766
2471,19,768
2472,22,775.5
2473,21,774.5
2474,18,768
2475,23,774.5
2476,8,771
2477,22,775.5
2478,23,775.0
2479,23,776.0
2480,25,777
2481,24,776.0
2482,18,769
2483,6,769
2484,22,776.0
2485,10,770
2486,22,776.5
2487,17,771
2488,21,776.5
2489,24,777.0
2490,4,771
2491,25,778
2492,25,779
2493,24,777.0
2494,21,777.0
2495,23,777.0
2496,15,772
2497,25,779
2498,17,772
2499,14,771
2500,8,775
2501,25,780
2502,21,778.0
2503,24,778.5
2504,20,772
2505,18,772
2506,25,780
2507,24,779.5
2508,2,772
2509,22,780.0
2510,21,778.5
2511,9,772
2512,7,773
2513,6,773
2514,25,781
2515,2,774
2516,3,773
2517,11,774
2518,17,773
2519,21,780.0
2520,25,782
2521,11,775
2522,21,780.0
2523,19,774
2524,5,775
2525,22,782.0
2526,10,774
2527,25,782
2528,25,782
2529,25,782
2530,20,776
2531,7,774
2532,17,774
2533,14,776
2534,7,774
2535,24,782.5
2536,25,783
2537,22,783.5
2538,24,782.5
2539,21,782.0
2540,25,783
2541,13,774
2542,5,777
2543,23,783.0
2544,24,782.5
2545,5,778
2546,3,776
2547,25,784
2548,21,782.5
2549,19,776
2550,11,777
2551,8,779
2552,25,784
2553,15,778
2554,3,777
2555,25,784
2556,11,778
2557,19,776
2558,3,778
2559,25,785
2560,15,779
2561,16,779
2562,24,785.5
2563,9,777
2564,25,785
2565,18,778
2566,25,785
2567,25,785
2568,13,777
2569,11,783
2570,20,780
2571,23,785.5
2572,22,786.0
2573,12,780
2574,13,777
2575,8,779
2576,1,783
2577,22,786.5
2578,13,778
2579,22,786.5
2580,9,779
2581,16,781
2582,21,786.0
2583,23,786.0
2584,25,789
2585,23,786.0
2586,13,780
2587,2,780
2588,5,781
2589,20,780
2590,20,780
2591,12,781
2592,23,786.5
2593,15,781
2594,3,780
2595,24,787.0
2596,22,788.0
2597,7,781
2598,23,786.5
2599,23,788.0
2600,21,788.0
2601,19,780
2602,4,781
2603,10,782
2604,4,782
2605,6,781
2606,23,788.5
2607,15,786
2608,6,782
2609,14,783
2610,25,790
2611,5,783
2612,22,788.5
2613,22,789.0
2614,25,790
2615,16,782
2616,23,789.5
2617,16,782
2618,9,783
2619,22,789.0
2620,24,788.5
2621,14,783
2622,25,791
2623,25,791
2624,24,789.5
2625,24,790.5
2626,1,785
2627,25,791
2628,9,784
2629,21,790.0
2630,25,792
2631,10,784
2632,23,789.5
2633,2,784
2634,25,793
2635,4,786
2636,18,784
2637,21,790.5
2638,4,788
2639,8,785
2640,16,785
2641,24,792.0
2642,25,794
2643,21,791.5
2644,12,786
2645,12,786
2646,1,785
2647,21,792.0
2648,25,794
2649,6,785
2650,10,785
2651,25,794
2652,6,787
2653,8,790
2654,25,795
2655,24,793.0
2656,22,793.5
2657,19,786
2658,21,793.5
2659,21,793.5
2660,12,786
2661,22,794.5
2662,25,795
2663,18,788
2664,25,795
2665,24,795.0
2666,18,788
2667,14,787
2668,7,787
2669,25,796
2670,1,787
2671,21,794.5
2672,4,789
2673,22,796.0
2674,1,788
2675,17,787
2676,25,797
2677,24,796.0
2678,21,796.0
2679,24,796.0
2680,25,797
2681,8,792
2682,23,795.5
2683,25,797
2684,25,797
2685,10,789
2686,25,798
2687,20,791
2688,2,788
2689,17,790
2690,17,791
2691,14,791
2692,2,791
2693,9,792
2694,25,800
2695,23,798.0
2696,22,799.0
2697,22,799.0
2698,11,794
2699,17,792
2700,20,792
2701,25,801
2702,18,792
2703,17,793
2704,11,795
2705,8,795
2706,25,801
2707,23,798.5
2708,15,791
2709,24,798.0
2710,7,792
2711,6,792
2712,23,798.5
2713,7,794
2714,13,793
2715,22,799.5
2716,21,799.5
2717,25,802
2718,19,793
2719,22,801.0
2720,23,799.0
2721,22,801.5
2722,3,793
2723,24,799.5
2724,22,801.5
2725,7,796
2726,2,793
2727,22,802.5
2728,24,802.0
2729,5,795
2730,23,800.5
2731,5,796
2732,19,795
2733,18,797
2734,23,801.0
2735,21,802.5
2736,23,801.0
2737,11,797
2738,3,796
2739,25,803
2740,10,795
2741,21,802.5
2742,15,797
2743,20,796
2744,23,802.0
2745,25,803
2746,25,803
2747,9,796
2748,25,804
2749,12,797
2750,9,798
2751,19,796
2752,24,803.0
2753,15,797
2754,21,803.0
2755,24,804.0
2756,15,798
2757,10,801
2758,13,796
2759,14,796
2760,5,797
2761,23,804.0
2762,25,805
2763,3,797
2764,16,798
2765,16,799
2766,3,798
2767,25,806
2768,25,806
2769,21,804.5
2770,25,806
2771,19,799
2772,20,799
2773,21,805.0
2774,2,798
2775,8,798
2776,11,798
2777,22,806.0
2778,20,799
2779,11,799
2780,24,805.5
2781,21,806.0
2782,25,807
2783,24,806.5
2784,22,808.0
2785,15,802
2786,3,800
2787,25,808
2788,14,802
2789,25,808
2790,21,807.0
2791,25,808
2792,1,800
2793,13,799
2794,12,800
2795,4,801
2796,25,809
2797,13,799
2798,25,809
2799,25,809
2800,16,801
2801,24,808.5
2802,21,807.0
2803,5,801
2804,25,809
2805,10,803
2806,14,802
2807,5,802
2808,24,808.5
2809,4,802
2810,13,800
2811,7,801
2812,22,809.5
2813,12,802
2814,24,809.5
2815,25,811
2816,1,802
2817,6,801
2818,12,805
2819,9,801
2820,18,804
2821,16,802
2822,8,804
2823,21,809.5
2824,22,811.5
2825,23,809.0
2826,9,802
2827,25,812
2828,22,811.5
2829,2,804
2830,25,812
2831,23,811.5
2832,22,813.0
2833,6,801
2834,25,813
2835,8,806
2836,4,804
2837,1,804
2838,19,805
2839,6,805
2840,24,812.0
2841,17,806
2842,17,807
2843,16,806
2844,6,806
2845,23,812.0
2846,23,812.5
2847,22,813.5
2848,24,812.5
2849,25,814
2850,25,814
2851,21,813.0
2852,1,806
2853,14,807
2854,12,806
2855,7,806
2856,25,815
2857,10,807
2858,15,810
2859,25,815
2860,24,814.5
2861,4,806
2862,22,814.0
2863,23,813.0
2864,17,809
2865,22,814.0
2866,4,808
2867,22,815.0
2868,23,813.0
2869,2,809
2870,2,810
2871,18,807
2872,23,813.5
2873,23,813.5
2874,18,808
2875,21,815.0
2876,1,808
2877,21,815.5
2878,25,817
2879,23,815.5
2880,6,811
2881,11,810
2882,25,817
2883,24,815.5
2884,18,811
2885,25,817
2886,8,809
2887,20,810
2888,25,818
2889,8,811
2890,14,810
2891,24,816.5
2892,21,816.0
2893,25,819
2894,25,819
2895,21,817.5
2896,23,816.5
2897,2,812
2898,10,811
2899,20,811
2900,22,818.5
2901,9,811
2902,21,818.0
2903,24,819.0
2904,12,816
2905,21,819.5
2906,25,820
2907,25,820
2908,17,812
2909,5,813
2910,25,820
2911,11,814
2912,3,813
2913,17,812
2914,5,814
2915,25,820
2916,18,814
2917,22,820.5
2918,9,815
2919,25,821
2920,25,822
2921,24,820.0
2922,10,814
2923,25,822
2924,16,815
2925,15,816
2926,21,820.5
2927,21,820.5
2928,15,816
2929,24,822.0
2930,20,815
2931,13,813
2932,13,815
2933,25,823
2934,19,814
2935,3,815
2936,7,812
2937,11,816
2938,24,822.0
2939,3,817
2940,25,823
2941,25,824
2942,8,817
2943,7,813
2944,7,813
2945,5,816
2946,19,814
2947,25,825
2948,19,815
2949,21,823.0
2950,10,817
2951,22,823.0
2952,15,817
2953,23,823.5
2954,20,818
2955,25,825
2956,22,824.0
2957,22,824.0
2958,24,823.0
2959,9,817
2960,13,819
2961,16,817
2962,5,818
2963,11,817
2964,3,818
2965,23,824.5
2966,19,818
2967,23,825.0
2968,25,826
2969,22,825.5
2970,24,824.5
2971,15,821
2972,14,818
2973,11,819
2974,16,819
2975,25,826
2976,2,818
2977,22,826.0
2978,24,825.0
2979,12,819
2980,5,819
2981,23,825.0
2982,20,819
2983,8,820
2984,1,819
2985,21,825.5
2986,22,826.5
2987,25,828
2988,23,825.5
2989,22,826.5
2990,12,821
2991,23,826.0
2992,24,827.0
2993,25,828
2994,16,821
2995,10,822
2996,23,828.0
2997,3,820
2998,12,821
2999,22,828.5
3000,1,823
3001,25,829
3002,6,820
3003,9,820
3004,6,821
3005,6,824
3006,25,830
3007,4,822
3008,21,828.5
3009,23,828.0
3010,7,822
3011,24,829.0
3012,25,830
3013,2,823
3014,13,820
3015,23,828.5
3016,21,829.0
3017,13,820
3018,14,822
3019,14,822
3020,1,824
3021,9,821
3022,25,831
3023,22,831.0
3024,18,824
3025,23,830.0
3026,25,831
3027,25,831
3028,17,824
3029,15,826
3030,4,823
3031,24,831.0
3032,8,825
3033,25,832
3034,16,825
3035,12,826
3036,14,824
3037,19,824
3038,21,830.5
3039,6,825
3040,2,826
3041,18,827
3042,22,833.0
3043,25,833
3044,25,833
3045,21,831.5
3046,17,825
3047,14,827
3048,10,826
3049,25,833
3050,24,832.5
3051,25,833
3052,4,825
3053,21,832.0
3054,1,826
3055,8,828
3056,2,826
3057,17,828
3058,24,833.5
3059,21,832.0
3060,6,828
3061,25,835
3062,25,835
3063,18,828
3064,7,826
3065,25,836
3066,4,827
3067,25,836
3068,25,836
3069,3,830
3070,21,834.0
3071,21,834.0
3072,25,837
3073,22,835.5
3074,7,832
3075,4,827
3076,24,835.5
3077,9,830
3078,25,837
3079,11,829
3080,5,829
3081,1,828
3082,8,830
3083,8,833
3084,18,829
3085,24,835.5
3086,25,839
3087,23,836.0
3088,22,836.5
3089,23,837.0
3090,10,831
3091,22,836.5
3092,23,837.5
3093,24,836.5
3094,23,837.5
3095,20,829
3096,24,837.0
3097,17,832
3098,20,830
3099,20,831
3100,13,831
3101,13,833
3102,19,830
3103,5,833
3104,21,837.5
3105,22,838.0
3106,2,832
3107,22,838.5
3108,25,840
3109,24,837.5
3110,25,841
3111,22,839.0
3112,3,833
3113,15,833
3114,18,833
3115,22,840.0
3116,9,834
3117,25,841
3118,21,839.0
3119,11,833
3120,15,835
3121,25,841
3122,7,833
3123,12,833
3124,3,834
3125,25,842
3126,15,835
3127,20,835
3128,24,840.5
3129,9,836
3130,7,833
3131,16,834
3132,5,836
3133,11,835
3134,10,834
3135,25,843
3136,21,841.0
3137,23,840.5
3138,12,838
3139,17,833
3140,19,834
3141,2,834
3142,21,841.5
3143,23,840.5
3144,23,841.0
3145,22,842.0
3146,23,841.5
3147,22,843.5
3148,11,838
3149,11,838
3150,16,837
3151,23,842.0
3152,15,837
3153,25,844
3154,19,835
3155,16,838
3156,5,837
3157,3,837
3158,19,836
3159,24,842.5
3160,10,836
3161,8,839
3162,25,844
3163,21,844.0
3164,25,844
3165,25,844
3166,14,838
3167,25,845
3168,25,845
3169,14,839
3170,1,838
3171,13,836
3172,13,839
3173,6,838
3174,24,844.5
3175,19,843
3176,23,843.5
3177,22,845.5
3178,25,846
3179,21,844.5
3180,25,847
3181,21,845.0
3182,25,847
3183,21,845.5
3184,3,840
3185,9,839
3186,20,838
3187,25,847
3188,16,840
3189,24,846.0
3190,6,839
3191,24,847.0
3192,4,841
3193,25,848
3194,24,848.0
3195,5,839
3196,4,842
3197,25,848
3198,15,842
3199,22,848.0
3200,8,841
3201,14,842
3202,25,849
3203,9,842
3204,12,840
3205,10,841
3206,12,841
3207,7,842
3208,17,843
3209,6,841
3210,2,842
3211,22,849.0
3212,18,843
3213,21,847.5
3214,21,847.5
3215,23,848.5
3216,24,848.0
3217,22,849.0
3218,25,851
3219,1,842
3220,1,843
3221,16,844
3222,25,851
3223,4,843
3224,12,843
3225,25,852
3226,4,844
3227,10,845
3228,25,852
3229,21,850.0
3230,24,849.5
3231,24,850.0
3232,23,850.0
3233,14,844
3234,25,852
3235,24,850.0
3236,23,850.0
3237,2,846
3238,17,844
3239,13,843
3240,22,851.0
3241,4,846
3242,2,846
3243,22,851.5
3244,22,851.5
3245,1,845
3246,1,847
3247,6,844
3248,22,852.5
3249,3,846
3250,25,854
3251,25,854
3252,25,855
3253,23,850.5
3254,8,846
3255,6,847
3256,17,847
3257,24,854.0
3258,21,852.5
3259,11,848
3260,22,854.5
3261,9,849
3262,23,853.0
3263,23,853.5
3264,14,847
3265,17,849
3266,18,846
3267,19,849
3268,18,848
3269,7,848
3270,8,848
3271,25,856
3272,22,856.0
3273,20,848
3274,8,849
3275,23,854.0
3276,25,856
3277,25,857
3278,23,855.0
3279,24,856.0
3280,25,857
3281,18,849
3282,18,850
3283,25,857
3284,21,855.5
3285,25,857
3286,5,849
3287,25,858
3288,10,851
3289,23,855.5
3290,25,858
3291,23,857.0
3292,21,856.0
3293,7,849
3294,15,852
3295,21,856.5
3296,5,852
3297,13,849
3298,21,858.0
3299,25,858
3300,24,858.0
3301,9,853
3302,20,850
3303,13,851
3304,2,851
3305,25,859
3306,12,852
3307,20,851
3308,11,853
3309,7,853
3310,7,853
3311,25,860
3312,22,859.0
3313,21,858.0
3314,10,853
3315,21,858.5
3316,25,860
3317,3,852
3318,15,854
3319,15,854
3320,5,852
3321,3,853
3322,17,852
3323,24,859.5
3324,25,862
3325,25,862
3326,24,860.5
3327,2,853
3328,24,860.5
3329,16,853
3330,20,854
3331,22,861.5
3332,13,856
3333,4,858
3334,12,854
3335,25,863
3336,14,856
3337,9,855
3338,22,861.5
3339,11,855
3340,22,861.5
3341,21,861.0
3342,21,861.0
3343,25,863
3344,13,857
3345,3,855
3346,10,856
3347,24,860.5
3348,8,856
3349,15,856
3350,25,864
3351,23,862.5
3352,11,855
3353,11,855
3354,5,856
3355,22,863.5
3356,24,863.0
3357,22,864.0
3358,15,858
3359,23,863.0
3360,25,865
3361,6,858
3362,16,856
3363,21,863.5
3364,9,858
3365,18,860
3366,14,858
3367,16,857
3368,19,856
3369,24,863.5
3370,24,863.5
3371,23,863.5
3372,20,858
3373,6,858
3374,25,866
3375,3,860
3376,1,857
3377,23,864.0
3378,14,859
3379,21,866.0
3380,22,865.0
3381,5,859
3382,12,859
3383,19,856
3384,25,867
3385,23,866.0
3386,25,868
3387,22,866.0
3388,2,861
3389,19,857
3390,22,867.0
3391,12,860
3392,6,860
3393,16,860
3394,19,859
3395,9,862
3396,17,860
3397,1,862
3398,24,867.5
3399,25,868
3400,23,866.5
3401,8,860
3402,4,861
3403,7,861
3404,25,869
3405,25,869
3406,12,862
3407,22,868.5
3408,16,863
3409,1,863
3410,25,869
3411,25,869
3412,25,869
3413,23,867.5
3414,10,862
3415,10,864
3416,24,868.5
3417,6,863
3418,23,868.5
3419,4,862
3420,25,870
3421,21,868.5
3422,1,863
3423,25,871
3424,21,869.0
3425,25,871
3426,21,869.0
3427,14,863
3428,13,864
3429,23,869.0
3430,17,863
3431,21,870.5
3432,3,864
3433,23,870.5
3434,25,872
3435,22,872.5
3436,8,865
3437,25,873
3438,21,871.5
3439,7,868
3440,24,871.5
3441,4,864
3442,2,865
3443,2,865
3444,7,869
3445,4,865
3446,25,874
3447,24,873.0
3448,25,874
3449,25,874
3450,21,872.0
3451,8,866
3452,6,866
3453,9,865
3454,18,866
3455,22,874.0
3456,1,864
3457,2,871
3458,17,866
3459,21,873.5
3460,8,867
3461,22,874.0
3462,22,874.0
3463,20,867
3464,25,875
3465,25,875
3466,17,867
3467,19,867
3468,11,868
3469,25,876
3470,18,867
3471,24,874.0
3472,25,877
3473,21,874.5
3474,18,868
3475,14,868
3476,18,869
3477,22,876.5
3478,24,874.0
3479,24,874.0
3480,5,869
3481,13,869
3482,12,871
3483,21,876.0
3484,22,877.0
3485,10,870
3486,23,875.0
3487,25,879
3488,11,872
3489,23,875.5
3490,24,875.5
3491,7,870
3492,22,877.5
3493,24,877.0
3494,7,870
3495,20,870
3496,24,877.0
3497,22,878.5
3498,5,871
3499,5,871
3500,25,879
3501,23,877.0
3502,15,871
3503,20,871
3504,23,877.5
3505,15,873
3506,10,871
3507,21,878.5
3508,15,873
3509,25,880
3510,13,870
3511,12,872
3512,22,879.5
3513,9,872
3514,25,880
3515,3,872
3516,16,873
3517,25,880
3518,23,878.5
3519,25,880
3520,25,880
3521,23,879.0
3522,9,874
3523,9,877
3524,25,880
3525,22,881.0
3526,8,875
3527,25,881
3528,11,874
3529,23,881.0
3530,20,873
3531,23,881.0
3532,16,875
3533,2,875
3534,3,874
3535,24,881.0
3536,13,875
3537,14,875
3538,15,875
3539,17,873
3540,11,875
3541,21,882.0
3542,10,875
3543,25,882
3544,16,876
3545,25,882
3546,20,875
3547,25,883
3548,24,882.0
3549,5,875
3550,4,875
3551,5,878
3552,13,875
3553,6,874
3554,25,884
3555,21,882.5
3556,3,876
3557,11,876
3558,6,877
3559,21,882.5
3560,25,885
3561,3,876
3562,15,877
3563,23,882.5
3564,21,883.0
3565,25,886
3566,10,879
3567,18,877
3568,19,876
3569,1,877
3570,14,877
3571,22,885.0
3572,23,883.0
3573,8,881
3574,12,878
3575,14,878
3576,24,885.0
3577,25,886
3578,22,886.5
3579,2,880
3580,22,886.5
3581,25,887
3582,12,879
3583,4,881
3584,6,879
3585,1,879
3586,25,887
3587,1,879
3588,24,886.5
3589,9,878
3590,12,881
3591,25,888
3592,21,885.0
3593,1,881
3594,16,879
3595,4,881
3596,19,877
3597,21,886.0
3598,24,886.5
3599,25,888
3600,14,883
3601,17,880
3602,22,887.5
3603,8,881
3604,19,879
3605,21,887.5
3606,16,882
3607,25,890
3608,6,882
3609,24,887.5
3610,21,888.0
3611,10,882
3612,19,879
3613,25,890
3614,23,889.5
3615,24,888.5
3616,22,889.0
3617,1,885
3618,22,889.5
3619,13,882
3620,23,889.5
3621,4,884
3622,25,891
3623,7,881
3624,4,884
3625,25,891
3626,21,889.5
3627,22,890.0
3628,6,886
3629,24,889.0
3630,24,889.5
3631,25,891
3632,22,891.0
3633,25,892
3634,8,886
3635,24,890.5
3636,22,892.0
3637,23,890.0
3638,2,884
3639,2,884
3640,17,884
3641,23,891.0
3642,25,892
3643,23,891.5
3644,25,892
3645,25,892
3646,7,885
3647,3,885
3648,25,893
3649,11,887
3650,23,892.0
3651,8,886
3652,25,894
3653,21,892.0
3654,22,893.5
3655,7,885
3656,18,886
3657,12,887
3658,25,895
3659,25,895
3660,2,887
3661,7,889
3662,13,888
3663,19,888
3664,14,888
3665,18,886
3666,9,886
3667,5,887
3668,18,887
3669,20,886
3670,18,888
3671,25,896
3672,17,886
3673,17,887
3674,23,893.5
3675,11,888
3676,10,889
3677,23,893.5
3678,21,894.5
3679,25,897
3680,7,890
3681,9,890
3682,21,896.0
3683,25,897
3684,25,898
3685,5,890
3686,25,898
3687,15,889
3688,23,895.5
3689,24,894.5
3690,23,896.0
3691,5,890
3692,21,896.0
3693,10,890
3694,24,894.5
3695,3,890
3696,21,896.5
3697,20,890
3698,15,891
3699,25,899
3700,20,891
3701,15,892
3702,25,899
3703,22,898.5
3704,16,893
3705,21,898.5
3706,12,891
3707,24,898.5
3708,15,894
3709,22,900.0
3710,18,895
3711,10,894
3712,22,900.0
3713,8,893
3714,9,891
3715,25,901
3716,22,900.0
3717,24,900.0
3718,2,894
3719,13,891
3720,24,900.0
3721,21,899.5
3722,22,902.0
3723,4,894
3724,9,893
3725,3,893
3726,20,893
3727,5,894
3728,14,895
3729,16,894
3730,25,902
3731,19,895
3732,25,902
3733,11,894
3734,13,894
3735,20,894
3736,6,894
3737,23,902.0
3738,24,901.0
3739,16,895
3740,3,895
3741,17,894
3742,15,896
3743,21,901.0
3744,25,903
3745,21,901.5
3746,11,895
3747,11,895
3748,22,902.5
3749,3,895
3750,23,902.5
3751,6,896
3752,13,894
3753,23,903.0
3754,22,902.5
3755,24,902.0
3756,1,896
3757,21,902.0
3758,22,903.5
3759,25,903
3760,25,903
3761,25,904
3762,8,897
3763,14,897
3764,1,898
3765,24,902.5
3766,25,904
3767,25,904
3768,25,905
3769,25,905
3770,19,898
3771,24,903.0
3772,24,904.0
3773,25,906
3774,5,897
3775,2,899
3776,14,897
3777,6,898
3778,12,898
3779,22,904.5
3780,25,906
3781,23,905.0
3782,21,905.5
3783,19,899
3784,19,900
3785,16,899
3786,23,905.5
3787,10,898
3788,12,898
3789,8,900
3790,23,905.5
3791,1,898
3792,4,900
3793,22,907.0
3794,21,908.0
3795,23,906.0
3796,23,906.0
3797,9,899
3798,25,908
3799,4,900
3800,17,900
3801,4,901
3802,24,907.0
3803,23,909.0
3804,24,908.0
3805,8,902
3806,14,902
3807,25,909
3808,6,901
3809,2,903
3810,25,909
3811,25,909
3812,25,909
3813,4,902
3814,12,900
3815,16,902
3816,1,899
3817,25,910
3818,25,910
3819,21,908.5
3820,10,902
3821,13,903
3822,1,901
3823,11,904
3824,7,902
3825,6,902
3826,21,909.0
3827,21,909.5
3828,25,912
3829,8,905
3830,17,905
3831,2,905
3832,2,907
3833,23,909.5
3834,22,912.0
3835,13,907
3836,5,907
3837,24,911.0
3838,9,905
3839,10,906
3840,20,905
3841,12,906
3842,9,907
3843,20,906
3844,21,912.0
3845,3,906
3846,7,904
3847,22,912.5
3848,22,912.5
3849,17,906
3850,7,905
3851,11,907
3852,22,913.5
3853,7,906
3854,25,914
3855,25,914
3856,14,907
3857,18,906
3858,19,906
3859,18,906
3860,22,914.5
3861,25,915
3862,24,912.5
3863,24,913.5
3864,25,915
3865,21,913.0
3866,21,914.5
3867,25,915
3868,18,908
3869,5,909
3870,24,914.5
3871,20,910
3872,17,907
3873,22,915.0
3874,15,909
3875,7,907
3876,25,916
3877,25,916
3878,23,914.5
3879,25,916
3880,22,915.0
3881,18,908
3882,25,916
3883,22,916.0
3884,24,915.0
3885,21,915.0
3886,24,915.5
3887,23,915.0
3888,25,916
3889,10,910
3890,23,915.5
3891,25,917
3892,25,917
3893,3,910
3894,15,910
3895,24,915.5
3896,22,917.0
3897,21,915.5
3898,13,911
3899,12,911
3900,2,913
3901,5,909
3902,19,911
3903,18,911
3904,25,919
3905,21,918.0
3906,16,912
3907,15,911
3908,23,918.0
3909,25,920
3910,22,919.5
3911,15,911
3912,3,912
3913,24,917.5
3914,10,913
3915,8,912
3916,15,913
3917,11,913
3918,20,912
3919,20,913
3920,23,918.5
3921,14,912
3922,25,920
3923,23,918.5
3924,23,918.5
3925,25,920
3926,23,919.0
3927,24,920.5
3928,16,912
3929,17,914
3930,5,913
3931,4,914
3932,25,921
3933,25,921
3934,9,912
3935,11,915
3936,13,913
3937,3,914
3938,6,914
3939,3,914
3940,21,920.5
3941,9,913
3942,25,923
3943,16,915
3944,23,921.5
3945,13,915
